,followers
681929231,"[309917700.0, 663437892.0, 421240104.0, 62678210.0, 390777660.0, 490589652.0, 4476959.0, 30843032.0, 140492947.0, 88563746.0, 159206284.0, 285845928.0, 68953456.0, 176260047.0, 40614151.0, 249134569.0, 85453504.0, 68811951.0, 216307911.0, 64138484.0, 321680906.0, 303516132.0, 76021795.0, 79769969.0, 34611470.0, 42319134.0, 323707321.0, 20418194.0, 173719975.0, 60270191.0, 96180524.0, 181753034.0, 18857253.0, 444838014.0, 719997061.0, 133841696.0, 70294957.0, 18626796.0, 136369646.0, 742847386.0, 29949938.0, 81843259.0, 99482490.0, 235921883.0, 47689699.0, 514705212.0, 321298521.0, 117188552.0, 717168076.0, 193467002.0, 111886755.0, 35292795.0, 273285816.0, 73409384.0, 729332497.0, 20740653.0, 158066053.0, 206230238.0, 17960394.0, 544351380.0, 144414113.0, 713906728.0, 65556951.0, 325658941.0, 297820105.0, 4235232.0, 12161612.0, 32594806.0, 79925528.0, 331539162.0, 171742515.0, 712647370.0, 74826154.0, 135330183.0, 112501436.0, 32692307.0, 268651710.0, 212248214.0, 70290093.0, 221788288.0, 34510979.0, 40280440.0, 263170603.0, 38129197.0, 142463163.0, 15145247.0, 210852064.0, 51354322.0, 109722383.0, 118654984.0, 64536372.0, 8115889.0, 9438480.0, 51179462.0, 60150073.0, 44869121.0, 50906509.0, 55593203.0, 6055430.0, 132097640.0, 35735966.0, 102912895.0, 64471018.0, 53392449.0, 271270240.0, 135745505.0, 113711609.0, 166113501.0, 16955525.0, 157620753.0, 118006566.0, 371147831.0, 42449540.0, 61756730.0, 140172305.0, 209529176.0, 33927119.0, 1369432.0, 45001023.0, 241819347.0, 119583084.0, 231092244.0, 94519215.0, 249667042.0, 278688960.0, 56756351.0, 108820229.0, 68799298.0, 2363544.0, 309604676.0, 629671260.0, 222116584.0, 176421100.0, 168264298.0, 134689874.0, 156005101.0, 10379958.0, 340139038.0, 148975640.0, 172500084.0, 533137593.0, 139788641.0, 512911329.0, 73405699.0, 52500464.0, 162345124.0, 102792760.0, 11695485.0, 308451039.0, 102302504.0, 589480350.0, 142959405.0, 252076512.0, 15062364.0, 84298864.0, 578755107.0, 122543990.0, 67768348.0, 15527985.0, 514028727.0, 94740312.0, 53161674.0, 147592462.0, 402777489.0, 121372245.0, 441128151.0, 84406002.0, 556268682.0, 335200256.0, 166133982.0, 222937938.0, 42940215.0, 26361884.0, 112223169.0, 551993175.0, 345269954.0, 574651641.0, 26657414.0, 157532102.0, 72920441.0, 34370027.0, 236429608.0, 209154365.0, 117431230.0, 21187594.0, 380827484.0, 173908343.0, 124052462.0, 47636679.0, 81516906.0, 153830488.0, 9061741.0, 283541978.0, 165817184.0, 206612952.0, 54992250.0, 82688267.0, 24160982.0, 50406153.0, 141926627.0, 127120637.0, 60038735.0, 57017502.0, 162772154.0, 64811726.0, 193097663.0, 23301288.0, 288686386.0, 41971466.0, 365196683.0, 57260989.0, 357126527.0, 11380529.0, 45322857.0, 64957640.0, 109576189.0, 306251700.0, 57377468.0, 101009726.0, 62924709.0, 48181846.0, 148621609.0, 174877786.0, 148666743.0, 34243868.0, 142919700.0, 92942329.0, 20688590.0, 146069846.0, 450189594.0, 25686542.0, 49660478.0, 59506489.0, 158561495.0, 148873453.0, 482989740.0, 80864121.0, 127529699.0, 73396097.0, 24759550.0, 313632087.0, 100480628.0, 284125105.0, 91172500.0, 243976496.0, 198278784.0, 255062719.0, 200752206.0, 177712571.0, 26867866.0, 189348696.0, 327524372.0, 130580104.0, 114273249.0, 303114606.0, 98800723.0, 226212294.0, 120897290.0, 106025777.0, 115105965.0, 113117727.0, 104740375.0, 187038394.0, 159331178.0, 62459522.0, 88553852.0, 174693767.0, 60892864.0, 155748718.0, 27698424.0, 149651266.0, 301477583.0, 64851832.0, 165865477.0, 352952876.0, 206643385.0, 287938343.0, 189561037.0, 16481658.0, 173184285.0, 363381704.0, 92159124.0, 200399961.0, 259967636.0, 129215339.0, 110136781.0, 210872837.0, 200620029.0, 155875387.0, 107842101.0, 58122517.0, 103492912.0, 162665700.0, 130365514.0, 74903848.0, 160854123.0, 23007231.0, 142483814.0, 87301984.0, 83144486.0, 45772996.0, 72782424.0, 115037033.0, 81697792.0, 159671568.0, 127211547.0, 33084286.0, 296330167.0, 67909715.0, 295577537.0, 1480886.0, 271309180.0, 36004103.0, 136452265.0, 246499586.0, 314694217.0, 59687118.0, 112677332.0, nan, nan, nan, nan, nan, nan, nan, nan, nan, nan, nan, nan, nan, nan, nan, nan, nan, nan, nan, nan, nan, nan]"
676433339,"[663437892.0, 526676229.0, 88563746.0, 772785685.0, 216307911.0, 321680906.0, 303516132.0, 324414839.0, 376439849.0, 73207367.0, 61730987.0, 50499644.0, 230802581.0, 29949938.0, 16163171.0, 134788396.0, 117188552.0, 35292795.0, 11358594.0, 206230238.0, 48982155.0, 74826154.0, 16096894.0, 168932267.0, 253608198.0, 151591595.0, 176496119.0, 8115889.0, 387338360.0, 40199102.0, 469542243.0, 39030769.0, 104044614.0, 54218871.0, 14823643.0, 75072539.0, 13896534.0, 140969432.0, 145283241.0, 94519215.0, 57319704.0, 48868807.0, 309604676.0, 292442532.0, 93341796.0, 15764353.0, 96056676.0, 240050998.0, 11169492.0, 87152188.0, 73405699.0, 27147796.0, 76193024.0, 308451039.0, 566052825.0, 252076512.0, 84298864.0, 42940215.0, 112223169.0, 12922454.0, 50364530.0, 209154365.0, 22123693.0, 6759735.0, 173908343.0, 71633559.0, 54992250.0, 298645041.0, 23375947.0, 148509789.0, 141926627.0, 518771706.0, 193097663.0, 102436256.0, 72919061.0, 41971466.0, 57260989.0, 357126527.0, 265574331.0, 127378054.0, 45322857.0, 80643419.0, 109576189.0, 174877786.0, 31986068.0, 450189594.0, 380789522.0, 112838497.0, 49097162.0, 49211328.0, 80864121.0, 345806387.0, 91172500.0, 35618029.0, 11408251.0, 327524372.0, 130580104.0, 98800723.0, 9873011.0, 120897290.0, 8425619.0, 173852406.0, 187038394.0, 88553852.0, 30900194.0, 155748718.0, 31332542.0, 198754311.0, 189144999.0, 66523956.0, 23007231.0, 73946104.0, 54139967.0, 381472199.0, 45772996.0, 72782424.0, 294197107.0, 215315813.0, 230856208.0, 28116435.0, 1480886.0, 202466181.0, 148522212.0, 194888774.0, 59687118.0, 124491893.0, 247517150.0, nan, nan, nan, nan, nan, nan, nan, nan, nan, nan, nan, nan, nan, nan, nan, nan, nan, nan, nan, nan, nan, nan, nan, nan, nan, nan, nan, nan, nan, nan, nan, nan, nan, nan, nan, nan, nan, nan, nan, nan, nan, nan, nan, nan, nan, nan, nan, nan, nan, nan, nan, nan, nan, nan, nan, nan, nan, nan, nan, nan, nan, nan, nan, nan, nan, nan, nan, nan, nan, nan, nan, nan, nan, nan, nan, nan, nan, nan, nan, nan, nan, nan, nan, nan, nan, nan, nan, nan, nan, nan, nan, nan, nan, nan, nan, nan, nan, nan, nan, nan, nan, nan, nan, nan, nan, nan, nan, nan, nan, nan, nan, nan, nan, nan, nan, nan, nan, nan, nan, nan, nan, nan, nan, nan, nan, nan, nan, nan, nan, nan, nan, nan, nan, nan, nan, nan, nan, nan, nan, nan, nan, nan, nan, nan, nan, nan, nan, nan, nan, nan, nan, nan, nan, nan, nan, nan, nan, nan, nan, nan, nan, nan, nan, nan, nan, nan, nan, nan, nan, nan, nan, nan, nan, nan, nan, nan, nan, nan, nan, nan, nan, nan, nan, nan, nan, nan, nan, nan, nan, nan, nan, nan, nan, nan, nan, nan, nan, nan, nan, nan, nan, nan, nan, nan, nan, nan, nan, nan, nan, nan, nan, nan, nan]"
644454975,"[8571155.0, 303516132.0, 205133824.0, 226179695.0, 118991062.0, 590699208.0, 210852064.0, 253608198.0, 17209491.0, 2349362.0, 304198463.0, 14823643.0, 75072539.0, 244904587.0, 15303302.0, 306671483.0, 195135760.0, 493764429.0, 29877831.0, 232983940.0, 48868807.0, 517761753.0, 292442532.0, 93341796.0, 537559377.0, 96056676.0, 281496687.0, 61541032.0, 240050998.0, 533137593.0, 63032125.0, 182469663.0, 83453359.0, 79555502.0, 44997750.0, 308451039.0, 15062364.0, 199226902.0, 14363862.0, 166231280.0, 117431230.0, 22123693.0, 6759735.0, 165817184.0, 54992250.0, 90492744.0, 328653312.0, 56852364.0, 148509789.0, 141926627.0, 91804103.0, 166515075.0, 9132613.0, 165705773.0, 212221856.0, 48181846.0, 174877786.0, 91791863.0, 92942329.0, 49211328.0, 100048106.0, 294372821.0, 120897290.0, 50620532.0, 106484584.0, 91730269.0, 107842101.0, 103492912.0, 1084460.0, 11803368.0, 254401588.0, 124491893.0, 164236948.0, nan, nan, nan, nan, nan, nan, nan, nan, nan, nan, nan, nan, nan, nan, nan, nan, nan, nan, nan, nan, nan, nan, nan, nan, nan, nan, nan, nan, nan, nan, nan, nan, nan, nan, nan, nan, nan, nan, nan, nan, nan, nan, nan, nan, nan, nan, nan, nan, nan, nan, nan, nan, nan, nan, nan, nan, nan, nan, nan, nan, nan, nan, nan, nan, nan, nan, nan, nan, nan, nan, nan, nan, nan, nan, nan, nan, nan, nan, nan, nan, nan, nan, nan, nan, nan, nan, nan, nan, nan, nan, nan, nan, nan, nan, nan, nan, nan, nan, nan, nan, nan, nan, nan, nan, nan, nan, nan, nan, nan, nan, nan, nan, nan, nan, nan, nan, nan, nan, nan, nan, nan, nan, nan, nan, nan, nan, nan, nan, nan, nan, nan, nan, nan, nan, nan, nan, nan, nan, nan, nan, nan, nan, nan, nan, nan, nan, nan, nan, nan, nan, nan, nan, nan, nan, nan, nan, nan, nan, nan, nan, nan, nan, nan, nan, nan, nan, nan, nan, nan, nan, nan, nan, nan, nan, nan, nan, nan, nan, nan, nan, nan, nan, nan, nan, nan, nan, nan, nan, nan, nan, nan, nan, nan, nan, nan, nan, nan, nan, nan, nan, nan, nan, nan, nan, nan, nan, nan, nan, nan, nan, nan, nan, nan, nan, nan, nan, nan, nan, nan, nan, nan, nan, nan, nan, nan, nan, nan, nan, nan, nan, nan, nan, nan, nan, nan, nan, nan, nan, nan, nan, nan, nan, nan, nan, nan, nan, nan, nan, nan, nan, nan, nan, nan, nan, nan, nan, nan, nan, nan, nan, nan, nan, nan, nan, nan, nan, nan]"
570653430,"[309917700.0, 663437892.0, 421240104.0, 68476122.0, 30843032.0, 88563746.0, 285845928.0, 85453504.0, 303516132.0, 93233472.0, 20418194.0, 168344555.0, 340556397.0, 96180524.0, 73207367.0, 307575564.0, 115543530.0, 363254963.0, 55778903.0, 207885322.0, 138180065.0, 235921883.0, 429806850.0, 321298521.0, 35292795.0, 437360361.0, 272796958.0, 44601994.0, 20740653.0, 93842844.0, 713906728.0, 32594806.0, 307319533.0, 331539162.0, 21584248.0, 171742515.0, 212248214.0, 16096894.0, 263170603.0, 109722383.0, 64536372.0, 55593203.0, 132097640.0, 304198463.0, 135745505.0, 75072539.0, 7112583.0, 520987239.0, 563360196.0, 175451019.0, 45006854.0, 665275046.0, 187923225.0, 45724940.0, 122514594.0, 29877831.0, 661986108.0, 241819347.0, 84238438.0, 57383725.0, 397830375.0, 278688960.0, 65447990.0, 632603421.0, 69697793.0, 53339134.0, 126046744.0, 110230502.0, 17375744.0, 439077639.0, 406633287.0, 93341796.0, 55751171.0, 441494835.0, 84490620.0, 537559377.0, 153554322.0, 118465450.0, 314634648.0, 75332373.0, 125605161.0, 50310711.0, 109864385.0, 206206603.0, 35044606.0, 17821753.0, 238430680.0, 14879016.0, 2427052.0, 148975640.0, 189582913.0, 12910779.0, 267782891.0, 533137593.0, 552158535.0, 17584398.0, 32768222.0, 167000051.0, 115064765.0, 49137225.0, 107353205.0, 19655254.0, 176608568.0, 163667169.0, 178841065.0, 298095181.0, 38967155.0, 32681641.0, 32709398.0, 136498819.0, 570616362.0, 100964840.0, 555466491.0, 158800554.0, 94829899.0, 225529154.0, 578755107.0, 122543990.0, 142133758.0, 67768348.0, 15527985.0, 514028727.0, 44979478.0, 550650591.0, 66906064.0, 86481416.0, 420445638.0, 441128151.0, 261309564.0, 180683820.0, 111966719.0, 75119411.0, 14363862.0, 69452708.0, 580148724.0, 222937938.0, 82666620.0, 46125956.0, 112223169.0, 551993175.0, 58034657.0, 2622182.0, 209154365.0, 117431230.0, 503644908.0, 21187594.0, 294880135.0, 45054556.0, 380827484.0, 173908343.0, 104085140.0, 553138008.0, 562338426.0, 153830488.0, 70459177.0, 40374647.0, 115453688.0, 94289697.0, 20173505.0, 146824227.0, 26236555.0, 148509789.0, 518771706.0, 159363603.0, 265338671.0, 11889313.0, 122387035.0, 173088133.0, 167348390.0, 102436256.0, 365196683.0, 151740124.0, 233948997.0, 396206514.0, 149863601.0, 520409010.0, 45322857.0, 4879561.0, 261836838.0, 101009726.0, 62924709.0, 215100598.0, 268433027.0, 216000245.0, 92942329.0, 32106040.0, 114492557.0, 148873453.0, 49211328.0, 2625425.0, 20624483.0, 85165147.0, 293679675.0, 177712571.0, 170799118.0, 98800723.0, 79614978.0, 22531648.0, 273408852.0, 173852406.0, 69528336.0, 187038394.0, 274794824.0, 312799953.0, 402982866.0, 105684699.0, 449510730.0, 64740086.0, 190907250.0, 354329681.0, 139933639.0, 185619043.0, 171589811.0, 129215339.0, 39743892.0, 93296834.0, 70214416.0, 162665700.0, 415205778.0, 208361711.0, 59029941.0, 162962939.0, 148522212.0, 132028718.0, 18354510.0, 191612140.0, 315371134.0, 314694217.0, 271190160.0, nan, nan, nan, nan, nan, nan, nan, nan, nan, nan, nan, nan, nan, nan, nan, nan, nan, nan, nan, nan, nan, nan, nan, nan, nan, nan, nan, nan, nan, nan, nan, nan, nan, nan, nan, nan, nan, nan, nan, nan, nan, nan, nan, nan, nan, nan, nan, nan, nan, nan, nan, nan, nan, nan, nan, nan, nan, nan, nan, nan, nan, nan, nan, nan, nan, nan, nan, nan, nan, nan, nan, nan, nan, nan, nan, nan, nan, nan, nan, nan, nan, nan, nan, nan, nan, nan, nan, nan, nan, nan, nan, nan, nan, nan, nan, nan, nan, nan, nan, nan, nan, nan, nan, nan, nan, nan, nan, nan, nan, nan, nan]"
566921559,"[111755377.0, 140492947.0, 86497619.0, 285845928.0, 89706047.0, 218342040.0, 321680906.0, 58812764.0, 93233472.0, 39967060.0, 105436320.0, 323724842.0, 138466706.0, 6525940.0, 657373392.0, 29949938.0, 145494037.0, 118377403.0, 325658941.0, 151239901.0, 710217007.0, 152501750.0, 210852064.0, 168932267.0, 615834084.0, 313474552.0, 133679350.0, 697288362.0, 104044614.0, 582750942.0, 244904587.0, 148316047.0, 68002500.0, 213773304.0, 30266500.0, 70863630.0, 13896534.0, 45006854.0, 31325426.0, 674220386.0, 635152425.0, 105065171.0, 71118854.0, 22698349.0, 276909151.0, 232547681.0, 38860054.0, 238764747.0, 97842713.0, 84238438.0, 587564976.0, 397830375.0, 195136474.0, 213371957.0, 14071994.0, 651269883.0, 74468375.0, 67205608.0, 149882808.0, 441494835.0, 153554322.0, 147917620.0, 438044601.0, 221431084.0, 12910779.0, 201914164.0, 163667169.0, 292877229.0, 267136014.0, 66335236.0, 425053914.0, 169939606.0, 193722450.0, 578755107.0, 550650591.0, 218000540.0, 556268682.0, 99551195.0, 166231280.0, 573993510.0, 574651641.0, 58034657.0, 457799676.0, 149113847.0, 316216969.0, 148518465.0, 310714584.0, 327297612.0, 268591196.0, 75224576.0, 50917355.0, 199753743.0, 74805839.0, 518771706.0, 285649682.0, 159363603.0, 84590703.0, 365196683.0, 151740124.0, 532119621.0, 108572763.0, 339098432.0, 517228830.0, 210659519.0, 268433027.0, 33852279.0, 319673136.0, 19410051.0, 415930488.0, 79614978.0, 215315209.0, 78562346.0, 149651266.0, 44160354.0, 324309623.0, 126453598.0, 3865284.0, 59029941.0, 80714686.0, 119114916.0, 52281290.0, 314694217.0, 252695052.0, 271190160.0, nan, nan, nan, nan, nan, nan, nan, nan, nan, nan, nan, nan, nan, nan, nan, nan, nan, nan, nan, nan, nan, nan, nan, nan, nan, nan, nan, nan, nan, nan, nan, nan, nan, nan, nan, nan, nan, nan, nan, nan, nan, nan, nan, nan, nan, nan, nan, nan, nan, nan, nan, nan, nan, nan, nan, nan, nan, nan, nan, nan, nan, nan, nan, nan, nan, nan, nan, nan, nan, nan, nan, nan, nan, nan, nan, nan, nan, nan, nan, nan, nan, nan, nan, nan, nan, nan, nan, nan, nan, nan, nan, nan, nan, nan, nan, nan, nan, nan, nan, nan, nan, nan, nan, nan, nan, nan, nan, nan, nan, nan, nan, nan, nan, nan, nan, nan, nan, nan, nan, nan, nan, nan, nan, nan, nan, nan, nan, nan, nan, nan, nan, nan, nan, nan, nan, nan, nan, nan, nan, nan, nan, nan, nan, nan, nan, nan, nan, nan, nan, nan, nan, nan, nan, nan, nan, nan, nan, nan, nan, nan, nan, nan, nan, nan, nan, nan, nan, nan, nan, nan, nan, nan, nan, nan, nan, nan, nan, nan, nan, nan, nan, nan, nan, nan, nan, nan, nan, nan, nan, nan, nan, nan, nan, nan, nan, nan, nan, nan, nan, nan, nan, nan, nan, nan, nan, nan, nan, nan, nan, nan, nan, nan, nan, nan, nan, nan]"
539442237,"[663437892.0, 161093578.0, 88563746.0, 321680906.0, 191808671.0, 555619140.0, 741660961.0, 39967060.0, 96180524.0, 733416847.0, 175504900.0, 262313658.0, 182161865.0, 112510457.0, 70111524.0, 118991062.0, 437360361.0, 526063044.0, 149895951.0, 206230238.0, 93842844.0, 193257721.0, 325658941.0, 74826154.0, 3947014.0, 582977835.0, 8115889.0, 647156295.0, 675852128.0, 10085912.0, 133679350.0, 203779725.0, 169268104.0, 661986108.0, 93308400.0, 632473404.0, 119583084.0, 48062680.0, 202354535.0, 48868807.0, 148310978.0, 74468375.0, 17375744.0, 641588664.0, 222116584.0, 176421100.0, 191082214.0, 147917620.0, 96056676.0, 21577504.0, 240050998.0, 12910779.0, 358134476.0, 59537042.0, 49507888.0, 292877229.0, 26910645.0, 44997750.0, 61670203.0, 290350200.0, 95821501.0, 75259155.0, 158800554.0, 86481416.0, 145084341.0, 334002446.0, 6192984.0, 7127514.0, 576588936.0, 74296831.0, 574651641.0, 14894621.0, 209154365.0, 85402498.0, 4223245.0, 40374647.0, 387953822.0, 86178638.0, 285578804.0, 157518607.0, 88996193.0, 39431218.0, 518771706.0, 57017502.0, 210660135.0, 173088133.0, 167348390.0, 122687409.0, 28095808.0, 151740124.0, 520409010.0, 203966099.0, 127378054.0, 149108244.0, 194744745.0, 18118978.0, 218642113.0, 313632087.0, 41435460.0, 209177047.0, 98800723.0, 321002999.0, 215315209.0, 30900194.0, 49093844.0, 189144999.0, 42248711.0, 93813642.0, 91730269.0, 44357763.0, 59029941.0, 97712998.0, 18354510.0, 194888774.0, 314694217.0, nan, nan, nan, nan, nan, nan, nan, nan, nan, nan, nan, nan, nan, nan, nan, nan, nan, nan, nan, nan, nan, nan, nan, nan, nan, nan, nan, nan, nan, nan, nan, nan, nan, nan, nan, nan, nan, nan, nan, nan, nan, nan, nan, nan, nan, nan, nan, nan, nan, nan, nan, nan, nan, nan, nan, nan, nan, nan, nan, nan, nan, nan, nan, nan, nan, nan, nan, nan, nan, nan, nan, nan, nan, nan, nan, nan, nan, nan, nan, nan, nan, nan, nan, nan, nan, nan, nan, nan, nan, nan, nan, nan, nan, nan, nan, nan, nan, nan, nan, nan, nan, nan, nan, nan, nan, nan, nan, nan, nan, nan, nan, nan, nan, nan, nan, nan, nan, nan, nan, nan, nan, nan, nan, nan, nan, nan, nan, nan, nan, nan, nan, nan, nan, nan, nan, nan, nan, nan, nan, nan, nan, nan, nan, nan, nan, nan, nan, nan, nan, nan, nan, nan, nan, nan, nan, nan, nan, nan, nan, nan, nan, nan, nan, nan, nan, nan, nan, nan, nan, nan, nan, nan, nan, nan, nan, nan, nan, nan, nan, nan, nan, nan, nan, nan, nan, nan, nan, nan, nan, nan, nan, nan, nan, nan, nan, nan, nan, nan, nan, nan, nan, nan, nan, nan, nan, nan, nan, nan, nan, nan, nan, nan, nan, nan, nan, nan, nan, nan, nan, nan, nan, nan, nan, nan, nan]"
525544224,"[168344555.0, 321298521.0, 118654984.0, 173105096.0, 269428699.0, 12910779.0, 167000051.0, 101188799.0, 305035287.0, 579510759.0, 24045313.0, 183335014.0, 16332125.0, 78587226.0, 33421662.0, 459861750.0, 132682797.0, 102436256.0, 41268781.0, 195605141.0, 496733673.0, 462739146.0, 92857625.0, 66377007.0, 354329681.0, 35829239.0, nan, nan, nan, nan, nan, nan, nan, nan, nan, nan, nan, nan, nan, nan, nan, nan, nan, nan, nan, nan, nan, nan, nan, nan, nan, nan, nan, nan, nan, nan, nan, nan, nan, nan, nan, nan, nan, nan, nan, nan, nan, nan, nan, nan, nan, nan, nan, nan, nan, nan, nan, nan, nan, nan, nan, nan, nan, nan, nan, nan, nan, nan, nan, nan, nan, nan, nan, nan, nan, nan, nan, nan, nan, nan, nan, nan, nan, nan, nan, nan, nan, nan, nan, nan, nan, nan, nan, nan, nan, nan, nan, nan, nan, nan, nan, nan, nan, nan, nan, nan, nan, nan, nan, nan, nan, nan, nan, nan, nan, nan, nan, nan, nan, nan, nan, nan, nan, nan, nan, nan, nan, nan, nan, nan, nan, nan, nan, nan, nan, nan, nan, nan, nan, nan, nan, nan, nan, nan, nan, nan, nan, nan, nan, nan, nan, nan, nan, nan, nan, nan, nan, nan, nan, nan, nan, nan, nan, nan, nan, nan, nan, nan, nan, nan, nan, nan, nan, nan, nan, nan, nan, nan, nan, nan, nan, nan, nan, nan, nan, nan, nan, nan, nan, nan, nan, nan, nan, nan, nan, nan, nan, nan, nan, nan, nan, nan, nan, nan, nan, nan, nan, nan, nan, nan, nan, nan, nan, nan, nan, nan, nan, nan, nan, nan, nan, nan, nan, nan, nan, nan, nan, nan, nan, nan, nan, nan, nan, nan, nan, nan, nan, nan, nan, nan, nan, nan, nan, nan, nan, nan, nan, nan, nan, nan, nan, nan, nan, nan, nan, nan, nan, nan, nan, nan, nan, nan, nan, nan, nan, nan, nan, nan, nan, nan, nan, nan, nan, nan, nan, nan, nan, nan, nan, nan, nan, nan, nan, nan, nan, nan, nan, nan, nan, nan, nan, nan, nan, nan, nan, nan, nan, nan, nan, nan, nan, nan, nan, nan, nan, nan, nan, nan, nan, nan, nan, nan, nan, nan, nan, nan, nan, nan, nan, nan]"
517819014,"[526676229.0, 174121908.0, 285845928.0, 323707321.0, 173719975.0, 18857253.0, 82300863.0, 8807303.0, 132256859.0, 134595640.0, 32594806.0, 212248214.0, 132097640.0, 76204388.0, 298461609.0, 7112583.0, 7484147.0, 88180386.0, 122988647.0, 29493282.0, 17375744.0, 211515230.0, 5910572.0, 439077639.0, 406170111.0, 314634648.0, 87152188.0, 107413251.0, 120791700.0, 599435475.0, 75161016.0, 308451039.0, 67595679.0, 305035287.0, 75259155.0, 587856786.0, 578755107.0, 122543990.0, 86481416.0, 95037792.0, 7127514.0, 60159504.0, 34370027.0, 278482935.0, 21187594.0, 380827484.0, 51393757.0, 524462703.0, 373584503.0, 339145003.0, 104085140.0, 562338426.0, 67079350.0, 153830488.0, 85402498.0, 241461266.0, 394241904.0, 10008135.0, 135578317.0, 95664885.0, 64811726.0, 210660135.0, 165889182.0, 176062506.0, 23301288.0, 87608643.0, 136936207.0, 233948997.0, 452082117.0, 496254021.0, 45322857.0, 496733673.0, 149108244.0, 231141563.0, 31986068.0, 54136274.0, 390741579.0, 24759550.0, 245041918.0, 98800723.0, 202472583.0, 321002999.0, 31394529.0, 298451963.0, 385109099.0, 329211702.0, 87291085.0, 154031331.0, 402982866.0, 149651266.0, 142977944.0, 435641553.0, 128442648.0, 190907250.0, 354329681.0, 363381704.0, 259967636.0, 185619043.0, 169095854.0, 54378037.0, 18354510.0, 314694217.0, 143484794.0, 252695052.0, 271190160.0, 75387386.0, nan, nan, nan, nan, nan, nan, nan, nan, nan, nan, nan, nan, nan, nan, nan, nan, nan, nan, nan, nan, nan, nan, nan, nan, nan, nan, nan, nan, nan, nan, nan, nan, nan, nan, nan, nan, nan, nan, nan, nan, nan, nan, nan, nan, nan, nan, nan, nan, nan, nan, nan, nan, nan, nan, nan, nan, nan, nan, nan, nan, nan, nan, nan, nan, nan, nan, nan, nan, nan, nan, nan, nan, nan, nan, nan, nan, nan, nan, nan, nan, nan, nan, nan, nan, nan, nan, nan, nan, nan, nan, nan, nan, nan, nan, nan, nan, nan, nan, nan, nan, nan, nan, nan, nan, nan, nan, nan, nan, nan, nan, nan, nan, nan, nan, nan, nan, nan, nan, nan, nan, nan, nan, nan, nan, nan, nan, nan, nan, nan, nan, nan, nan, nan, nan, nan, nan, nan, nan, nan, nan, nan, nan, nan, nan, nan, nan, nan, nan, nan, nan, nan, nan, nan, nan, nan, nan, nan, nan, nan, nan, nan, nan, nan, nan, nan, nan, nan, nan, nan, nan, nan, nan, nan, nan, nan, nan, nan, nan, nan, nan, nan, nan, nan, nan, nan, nan, nan, nan, nan, nan, nan, nan, nan, nan, nan, nan, nan, nan, nan, nan, nan, nan, nan, nan, nan, nan, nan, nan, nan, nan, nan, nan, nan, nan, nan, nan, nan, nan, nan, nan, nan, nan, nan, nan, nan, nan, nan, nan, nan, nan, nan, nan, nan, nan]"
492086082,"[663437892.0, 285845928.0, 272243117.0, 249134569.0, 159790497.0, 303516132.0, 148416495.0, 742847386.0, 82300863.0, 118991062.0, 272811091.0, 44601994.0, 144414113.0, 32594806.0, 79925528.0, 331539162.0, 103340481.0, 135745505.0, 302598860.0, 62073267.0, 122988647.0, 665275046.0, 295732213.0, 661986108.0, 114760675.0, 119583084.0, 231092244.0, 191875114.0, 249667042.0, 278688960.0, 29493282.0, 441494835.0, 161042511.0, 314634648.0, 125605161.0, 238430680.0, 191362672.0, 146643813.0, 70850959.0, 254948192.0, 582179112.0, 59537042.0, 155956706.0, 204923961.0, 136498819.0, 65017914.0, 293944061.0, 578755107.0, 122543990.0, 15527985.0, 66906064.0, 180683820.0, 69452708.0, 174293127.0, 112416589.0, 222937938.0, 134295446.0, 6192984.0, 112223169.0, 58034657.0, 60159504.0, 14894621.0, 173447883.0, 74291344.0, 21187594.0, 45054556.0, 254681162.0, 88900087.0, 380827484.0, 168593473.0, 104085140.0, 85402498.0, 374628128.0, 394241904.0, 70459177.0, 387953822.0, 124960484.0, 78778045.0, 524491182.0, 537937698.0, 161012457.0, 56852364.0, 26236555.0, 288886094.0, 27283874.0, 153115731.0, 285649682.0, 235305671.0, 167348390.0, 37551816.0, 65749665.0, 136936207.0, 86811415.0, 452082117.0, 98456496.0, 135334054.0, 41268781.0, 127378054.0, 45322857.0, 100474353.0, 166050159.0, 71987118.0, 61626548.0, 230171348.0, 101009726.0, 228005810.0, 268433027.0, 505435854.0, 317907157.0, 50423407.0, 231141563.0, 198060314.0, 29862733.0, 319904022.0, 208586564.0, 57359818.0, 54136274.0, 268199065.0, 4899404.0, 158703970.0, 187258634.0, 281242881.0, 49651945.0, 419119146.0, 313632087.0, 494499165.0, 172809643.0, 88463467.0, 177712571.0, 316591659.0, 70734110.0, 98800723.0, 85110364.0, 283679814.0, 100842767.0, 173852406.0, 385109099.0, 159331178.0, 123511152.0, 154031331.0, 26800736.0, 257444797.0, 142977944.0, 403382457.0, 435641553.0, 93813642.0, 363381704.0, 185619043.0, 229777947.0, 422048336.0, 146190237.0, 150278069.0, 239703698.0, 393113880.0, 202466181.0, 132028718.0, 18354510.0, 40785688.0, 314694217.0, 143484794.0, 271190160.0, nan, nan, nan, nan, nan, nan, nan, nan, nan, nan, nan, nan, nan, nan, nan, nan, nan, nan, nan, nan, nan, nan, nan, nan, nan, nan, nan, nan, nan, nan, nan, nan, nan, nan, nan, nan, nan, nan, nan, nan, nan, nan, nan, nan, nan, nan, nan, nan, nan, nan, nan, nan, nan, nan, nan, nan, nan, nan, nan, nan, nan, nan, nan, nan, nan, nan, nan, nan, nan, nan, nan, nan, nan, nan, nan, nan, nan, nan, nan, nan, nan, nan, nan, nan, nan, nan, nan, nan, nan, nan, nan, nan, nan, nan, nan, nan, nan, nan, nan, nan, nan, nan, nan, nan, nan, nan, nan, nan, nan, nan, nan, nan, nan, nan, nan, nan, nan, nan, nan, nan, nan, nan, nan, nan, nan, nan, nan, nan, nan, nan, nan, nan, nan, nan, nan, nan, nan, nan, nan, nan, nan, nan, nan, nan, nan, nan, nan, nan, nan, nan, nan, nan, nan, nan, nan, nan, nan, nan, nan, nan, nan, nan, nan, nan, nan, nan, nan, nan, nan, nan, nan, nan, nan, nan, nan, nan, nan, nan, nan]"
472712643,"[50299010.0, 68476122.0, 111755377.0, 526676229.0, 140492947.0, 176260047.0, 654962889.0, 51643287.0, 89706047.0, 218342040.0, 303516132.0, 76021795.0, 8961020.0, 42319134.0, 97172979.0, 31672703.0, 264345999.0, 756323026.0, 197991298.0, 51613326.0, 508295703.0, 100840847.0, 210678308.0, 323724842.0, 138466706.0, 363254963.0, 237040917.0, 24390467.0, 72724791.0, 116563551.0, 99482490.0, 235921883.0, 65953840.0, 514705212.0, 21404307.0, 180129502.0, 118991062.0, 111886755.0, 301343508.0, 70113498.0, 526063044.0, 132256859.0, 73409384.0, 272811091.0, 53376607.0, 206230238.0, 93842844.0, 596644566.0, 88410341.0, 48982155.0, 12161612.0, 331539162.0, 712647370.0, 330322997.0, 34510979.0, 43277528.0, 210852064.0, 167909213.0, 118654984.0, 218897176.0, 132097640.0, 313474552.0, 40762164.0, 697288362.0, 104044614.0, 135745505.0, 292403304.0, 230628804.0, 47019841.0, 43100883.0, 47829929.0, 683940623.0, 307781724.0, 175451019.0, 80699236.0, 226868012.0, 88242389.0, 31325426.0, 665275046.0, 116078427.0, 331065619.0, 190003279.0, 295732213.0, 122514594.0, 232547681.0, 34049185.0, 119583084.0, 285582700.0, 110416362.0, 231092244.0, 55925275.0, 652917075.0, 195136474.0, 48868807.0, 249667042.0, 114785669.0, 69697793.0, 153674659.0, 53339134.0, 254703454.0, 26165586.0, 108820229.0, 17375744.0, 7822601.0, 638574219.0, 312945160.0, 49290061.0, 455236167.0, 90369789.0, 292442532.0, 230147574.0, 93341796.0, 200117340.0, 75332373.0, 125605161.0, 25623368.0, 147917620.0, 64012497.0, 134689874.0, 206206603.0, 390450075.0, 127519113.0, 4168285.0, 2427052.0, 165195867.0, 172500084.0, 187172891.0, 235908980.0, 266134778.0, 16303945.0, 115064765.0, 147760308.0, 107353205.0, 19655254.0, 176608568.0, 603047250.0, 452486988.0, 235320064.0, 599435475.0, 56156438.0, 18663715.0, 148674074.0, 44997750.0, 114271847.0, 6401779.0, 47181605.0, 47295362.0, 14763462.0, 142959405.0, 143929763.0, 6982473.0, 65195579.0, 147127875.0, 15527985.0, 158337677.0, 217052579.0, 66906064.0, 13495900.0, 220496201.0, 197363795.0, 45634801.0, 69452708.0, 128138119.0, 174293127.0, 112416589.0, 166231280.0, 166133982.0, 222937938.0, 134295446.0, 6192984.0, 118975830.0, 39433033.0, 475070001.0, 46298804.0, 154212326.0, 255091888.0, 112223169.0, 22448386.0, 142821954.0, 551993175.0, 74296831.0, 24644286.0, 58469722.0, 345269954.0, 106311446.0, 72920441.0, 47491341.0, 2622182.0, 173447883.0, 559703184.0, 36959465.0, 21187594.0, 553591134.0, 254681162.0, 442562238.0, 380827484.0, 168593473.0, 51393757.0, 460281636.0, 364261574.0, 170174101.0, 173908343.0, 339145003.0, 296502405.0, 507504822.0, 153830488.0, 41873603.0, 559185585.0, 85402498.0, 210605587.0, 237290956.0, 374628128.0, 196056410.0, 241461266.0, 2687213.0, 40374647.0, 387953822.0, 171493976.0, 59078540.0, 271685983.0, 55981673.0, 179381071.0, 168122244.0, 186025249.0, 534347787.0, 148518465.0, 117387278.0, 10008135.0, 265039831.0, 20173505.0, 8485359.0, 149447724.0, 469625220.0, 33421662.0, 524491182.0, 173054300.0, 306901161.0, 331585951.0, 552379803.0, 154934745.0, 175471692.0, 190256344.0, 157518607.0, 537937698.0, 287823618.0, 149417218.0, 56852364.0, 26236555.0, 22306624.0, 57017502.0, 235305671.0, 122387035.0, 210660135.0, 176062506.0, 48173752.0, 55745720.0, 28095808.0, 532119621.0, 135228375.0, 91070158.0, 281304950.0, 9979475.0, 455909733.0, 306251700.0, 497287725.0, 101009726.0, 36715715.0, 278839856.0, 163575663.0, 213047420.0, 93649978.0, 317907157.0, 231141563.0, 124506816.0, 24944913.0, 60773742.0, 198060314.0, 24156178.0, 184806818.0, 218642113.0, 187258634.0, 482989740.0, 1759107.0, 419119146.0, 272617112.0, 483354417.0, 155269009.0, 118394094.0, 244904200.0, 309244659.0, 164338112.0, 74084321.0, 4913520.0, 245041918.0, 209951213.0, 214032203.0, 6319085.0, 55612927.0, 249346076.0, 98800723.0, 31394529.0, 283679814.0, 100842767.0, 113117727.0, 15289119.0, 155821400.0, 274794824.0, 60486183.0, 171946874.0, 154031331.0, 457300785.0, 396702420.0, 26800736.0, 167582257.0, 142977944.0, 9919828.0, 93813642.0, 162521824.0, 363381704.0, 34140985.0, 259967636.0, 52612573.0, 169095854.0, 229777947.0, 298317098.0, 146190237.0, 246759198.0, 4875571.0, 87301984.0, 239703698.0, 253163846.0, 57389238.0, 295577537.0, 202466181.0, 148522212.0, 132028718.0, 18354510.0, 40785688.0, 143484794.0, 271190160.0]"
462909954,"[526676229.0, 55778903.0, 272811091.0, 93842844.0, 144414113.0, 104084799.0, 45006854.0, 122988647.0, 126046744.0, 17375744.0, 314634648.0, 271344574.0, 61541032.0, 566052825.0, 570616362.0, 86481416.0, 6192984.0, 380827484.0, 168593473.0, 85402498.0, 387953822.0, 26236555.0, 153115731.0, 208409453.0, 113674934.0, 45322857.0, 166050159.0, 3458265.0, 268433027.0, 71183635.0, 206803844.0, 198060314.0, 57359818.0, 73396097.0, 244904200.0, 28247131.0, 245041918.0, 150177619.0, 14045315.0, 266938898.0, 51155098.0, 27081179.0, 98800723.0, 202472583.0, 31394529.0, 283679814.0, 96043540.0, 26371711.0, 434710128.0, 15289119.0, 274794824.0, 123511152.0, 179405469.0, 457300785.0, 49093844.0, 69704303.0, 257444797.0, 287938343.0, 277238095.0, 44160354.0, 34140985.0, 121730496.0, 185619043.0, 169095854.0, 103492912.0, 44808929.0, 150278069.0, 186885803.0, 202466181.0, 18354510.0, 314694217.0, 257331859.0, 143484794.0, nan, nan, nan, nan, nan, nan, nan, nan, nan, nan, nan, nan, nan, nan, nan, nan, nan, nan, nan, nan, nan, nan, nan, nan, nan, nan, nan, nan, nan, nan, nan, nan, nan, nan, nan, nan, nan, nan, nan, nan, nan, nan, nan, nan, nan, nan, nan, nan, nan, nan, nan, nan, nan, nan, nan, nan, nan, nan, nan, nan, nan, nan, nan, nan, nan, nan, nan, nan, nan, nan, nan, nan, nan, nan, nan, nan, nan, nan, nan, nan, nan, nan, nan, nan, nan, nan, nan, nan, nan, nan, nan, nan, nan, nan, nan, nan, nan, nan, nan, nan, nan, nan, nan, nan, nan, nan, nan, nan, nan, nan, nan, nan, nan, nan, nan, nan, nan, nan, nan, nan, nan, nan, nan, nan, nan, nan, nan, nan, nan, nan, nan, nan, nan, nan, nan, nan, nan, nan, nan, nan, nan, nan, nan, nan, nan, nan, nan, nan, nan, nan, nan, nan, nan, nan, nan, nan, nan, nan, nan, nan, nan, nan, nan, nan, nan, nan, nan, nan, nan, nan, nan, nan, nan, nan, nan, nan, nan, nan, nan, nan, nan, nan, nan, nan, nan, nan, nan, nan, nan, nan, nan, nan, nan, nan, nan, nan, nan, nan, nan, nan, nan, nan, nan, nan, nan, nan, nan, nan, nan, nan, nan, nan, nan, nan, nan, nan, nan, nan, nan, nan, nan, nan, nan, nan, nan, nan, nan, nan, nan, nan, nan, nan, nan, nan, nan, nan, nan, nan, nan, nan, nan, nan, nan, nan, nan, nan, nan, nan, nan, nan, nan, nan, nan, nan, nan, nan, nan, nan, nan, nan, nan, nan, nan, nan, nan, nan, nan]"
446881050,"[31672703.0, 345319187.0, 745266217.0, 116563551.0, 30755933.0, 168932267.0, 244904587.0, 292403304.0, 241819347.0, 406170111.0, 153554322.0, 9927357.0, 118465450.0, 147917620.0, 162345124.0, 180890733.0, 576588936.0, 36959465.0, 148518465.0, 50917355.0, 285649682.0, 265338671.0, 73889387.0, 496733673.0, 8535251.0, 281242881.0, 18909292.0, 244904200.0, 226212294.0, 114255975.0, 457300785.0, 443715951.0, 210872837.0, 162962939.0, 143484794.0, nan, nan, nan, nan, nan, nan, nan, nan, nan, nan, nan, nan, nan, nan, nan, nan, nan, nan, nan, nan, nan, nan, nan, nan, nan, nan, nan, nan, nan, nan, nan, nan, nan, nan, nan, nan, nan, nan, nan, nan, nan, nan, nan, nan, nan, nan, nan, nan, nan, nan, nan, nan, nan, nan, nan, nan, nan, nan, nan, nan, nan, nan, nan, nan, nan, nan, nan, nan, nan, nan, nan, nan, nan, nan, nan, nan, nan, nan, nan, nan, nan, nan, nan, nan, nan, nan, nan, nan, nan, nan, nan, nan, nan, nan, nan, nan, nan, nan, nan, nan, nan, nan, nan, nan, nan, nan, nan, nan, nan, nan, nan, nan, nan, nan, nan, nan, nan, nan, nan, nan, nan, nan, nan, nan, nan, nan, nan, nan, nan, nan, nan, nan, nan, nan, nan, nan, nan, nan, nan, nan, nan, nan, nan, nan, nan, nan, nan, nan, nan, nan, nan, nan, nan, nan, nan, nan, nan, nan, nan, nan, nan, nan, nan, nan, nan, nan, nan, nan, nan, nan, nan, nan, nan, nan, nan, nan, nan, nan, nan, nan, nan, nan, nan, nan, nan, nan, nan, nan, nan, nan, nan, nan, nan, nan, nan, nan, nan, nan, nan, nan, nan, nan, nan, nan, nan, nan, nan, nan, nan, nan, nan, nan, nan, nan, nan, nan, nan, nan, nan, nan, nan, nan, nan, nan, nan, nan, nan, nan, nan, nan, nan, nan, nan, nan, nan, nan, nan, nan, nan, nan, nan, nan, nan, nan, nan, nan, nan, nan, nan, nan, nan, nan, nan, nan, nan, nan, nan, nan, nan, nan, nan, nan, nan, nan, nan, nan, nan, nan, nan, nan, nan, nan, nan, nan, nan, nan, nan, nan, nan, nan, nan, nan, nan, nan, nan, nan, nan, nan, nan, nan, nan, nan, nan, nan, nan, nan, nan, nan, nan, nan, nan, nan, nan, nan, nan]"
443685210,"[168344555.0, 508295703.0, 162122622.0, 423180620.0, 70113498.0, 526063044.0, 172804703.0, 93842844.0, 596644566.0, 427022748.0, 371147831.0, 44000672.0, 119583084.0, 84238438.0, 126046744.0, 90369789.0, 176421100.0, 118465450.0, 96056676.0, 554692782.0, 204765521.0, 29910793.0, 2427052.0, 240050998.0, 165195867.0, 38967155.0, 287697173.0, 235480784.0, 65017914.0, 15527985.0, 514028727.0, 86481416.0, 261309564.0, 334002446.0, 112223169.0, 573993510.0, 574651641.0, 209154365.0, 45054556.0, 301947244.0, 564591321.0, 173908343.0, 340661211.0, 147052918.0, 108485939.0, 85402498.0, 81034813.0, 20173505.0, 552379803.0, 22306624.0, 122387035.0, 165889182.0, 48173752.0, 452082117.0, 127378054.0, 45322857.0, 215100598.0, 317907157.0, 50423407.0, 29862733.0, 158703970.0, 281242881.0, 49097162.0, 244904200.0, 345328331.0, 74084321.0, 380925593.0, 98800723.0, 202472583.0, 306912290.0, 31394529.0, 139869226.0, 89693319.0, 87291085.0, 302938413.0, 123511152.0, 140439656.0, 82811054.0, 142977944.0, 23476993.0, 102457963.0, 103674986.0, 277238095.0, 427150386.0, 62295784.0, 150278069.0, 48901740.0, 184839944.0, 295577537.0, 284482478.0, 202466181.0, 201479347.0, 176407077.0, 132028718.0, 40785688.0, 24573069.0, 314694217.0, 257331859.0, 143484794.0, 200417508.0, nan, nan, nan, nan, nan, nan, nan, nan, nan, nan, nan, nan, nan, nan, nan, nan, nan, nan, nan, nan, nan, nan, nan, nan, nan, nan, nan, nan, nan, nan, nan, nan, nan, nan, nan, nan, nan, nan, nan, nan, nan, nan, nan, nan, nan, nan, nan, nan, nan, nan, nan, nan, nan, nan, nan, nan, nan, nan, nan, nan, nan, nan, nan, nan, nan, nan, nan, nan, nan, nan, nan, nan, nan, nan, nan, nan, nan, nan, nan, nan, nan, nan, nan, nan, nan, nan, nan, nan, nan, nan, nan, nan, nan, nan, nan, nan, nan, nan, nan, nan, nan, nan, nan, nan, nan, nan, nan, nan, nan, nan, nan, nan, nan, nan, nan, nan, nan, nan, nan, nan, nan, nan, nan, nan, nan, nan, nan, nan, nan, nan, nan, nan, nan, nan, nan, nan, nan, nan, nan, nan, nan, nan, nan, nan, nan, nan, nan, nan, nan, nan, nan, nan, nan, nan, nan, nan, nan, nan, nan, nan, nan, nan, nan, nan, nan, nan, nan, nan, nan, nan, nan, nan, nan, nan, nan, nan, nan, nan, nan, nan, nan, nan, nan, nan, nan, nan, nan, nan, nan, nan, nan, nan, nan, nan, nan, nan, nan, nan, nan, nan, nan, nan, nan, nan, nan, nan, nan, nan, nan, nan, nan, nan, nan, nan, nan, nan, nan, nan, nan, nan, nan, nan, nan, nan, nan, nan, nan, nan, nan, nan, nan, nan, nan, nan, nan, nan, nan, nan, nan, nan]"
426876561,"[526676229.0, 61730987.0, 243861088.0, 548100573.0, 526063044.0, 639382.0, 206206603.0, 30771913.0, 301947244.0, 147052918.0, 311945202.0, 85402498.0, 11390006.0, 471264234.0, 383158151.0, 26236555.0, 233948997.0, 45322857.0, 306251700.0, 419891016.0, 486816591.0, 369757316.0, 194197035.0, 98800723.0, 434710128.0, 415290876.0, 251848262.0, 443715951.0, 89339914.0, 162521824.0, 244643576.0, 29633757.0, 431865192.0, 142348926.0, 26722670.0, 135402716.0, 171589811.0, 44808929.0, 422048336.0, 146190237.0, 158168493.0, 42623396.0, 63669308.0, 85162361.0, 141789084.0, 314694217.0, 143484794.0, nan, nan, nan, nan, nan, nan, nan, nan, nan, nan, nan, nan, nan, nan, nan, nan, nan, nan, nan, nan, nan, nan, nan, nan, nan, nan, nan, nan, nan, nan, nan, nan, nan, nan, nan, nan, nan, nan, nan, nan, nan, nan, nan, nan, nan, nan, nan, nan, nan, nan, nan, nan, nan, nan, nan, nan, nan, nan, nan, nan, nan, nan, nan, nan, nan, nan, nan, nan, nan, nan, nan, nan, nan, nan, nan, nan, nan, nan, nan, nan, nan, nan, nan, nan, nan, nan, nan, nan, nan, nan, nan, nan, nan, nan, nan, nan, nan, nan, nan, nan, nan, nan, nan, nan, nan, nan, nan, nan, nan, nan, nan, nan, nan, nan, nan, nan, nan, nan, nan, nan, nan, nan, nan, nan, nan, nan, nan, nan, nan, nan, nan, nan, nan, nan, nan, nan, nan, nan, nan, nan, nan, nan, nan, nan, nan, nan, nan, nan, nan, nan, nan, nan, nan, nan, nan, nan, nan, nan, nan, nan, nan, nan, nan, nan, nan, nan, nan, nan, nan, nan, nan, nan, nan, nan, nan, nan, nan, nan, nan, nan, nan, nan, nan, nan, nan, nan, nan, nan, nan, nan, nan, nan, nan, nan, nan, nan, nan, nan, nan, nan, nan, nan, nan, nan, nan, nan, nan, nan, nan, nan, nan, nan, nan, nan, nan, nan, nan, nan, nan, nan, nan, nan, nan, nan, nan, nan, nan, nan, nan, nan, nan, nan, nan, nan, nan, nan, nan, nan, nan, nan, nan, nan, nan, nan, nan, nan, nan, nan, nan, nan, nan, nan, nan, nan, nan, nan, nan, nan, nan, nan, nan, nan, nan, nan, nan, nan, nan, nan, nan, nan, nan, nan, nan, nan, nan, nan, nan, nan, nan, nan, nan, nan, nan, nan, nan, nan, nan, nan, nan, nan, nan, nan, nan]"
423449487,"[168344555.0, 549367125.0, 264956314.0, 199874188.0, 383158151.0, 396206514.0, 281242881.0, 331571635.0, 187038394.0, 199874882.0, 132373028.0, 22481149.0, 154679686.0, 63669308.0, 119114916.0, 202466181.0, 35829239.0, 314694217.0, nan, nan, nan, nan, nan, nan, nan, nan, nan, nan, nan, nan, nan, nan, nan, nan, nan, nan, nan, nan, nan, nan, nan, nan, nan, nan, nan, nan, nan, nan, nan, nan, nan, nan, nan, nan, nan, nan, nan, nan, nan, nan, nan, nan, nan, nan, nan, nan, nan, nan, nan, nan, nan, nan, nan, nan, nan, nan, nan, nan, nan, nan, nan, nan, nan, nan, nan, nan, nan, nan, nan, nan, nan, nan, nan, nan, nan, nan, nan, nan, nan, nan, nan, nan, nan, nan, nan, nan, nan, nan, nan, nan, nan, nan, nan, nan, nan, nan, nan, nan, nan, nan, nan, nan, nan, nan, nan, nan, nan, nan, nan, nan, nan, nan, nan, nan, nan, nan, nan, nan, nan, nan, nan, nan, nan, nan, nan, nan, nan, nan, nan, nan, nan, nan, nan, nan, nan, nan, nan, nan, nan, nan, nan, nan, nan, nan, nan, nan, nan, nan, nan, nan, nan, nan, nan, nan, nan, nan, nan, nan, nan, nan, nan, nan, nan, nan, nan, nan, nan, nan, nan, nan, nan, nan, nan, nan, nan, nan, nan, nan, nan, nan, nan, nan, nan, nan, nan, nan, nan, nan, nan, nan, nan, nan, nan, nan, nan, nan, nan, nan, nan, nan, nan, nan, nan, nan, nan, nan, nan, nan, nan, nan, nan, nan, nan, nan, nan, nan, nan, nan, nan, nan, nan, nan, nan, nan, nan, nan, nan, nan, nan, nan, nan, nan, nan, nan, nan, nan, nan, nan, nan, nan, nan, nan, nan, nan, nan, nan, nan, nan, nan, nan, nan, nan, nan, nan, nan, nan, nan, nan, nan, nan, nan, nan, nan, nan, nan, nan, nan, nan, nan, nan, nan, nan, nan, nan, nan, nan, nan, nan, nan, nan, nan, nan, nan, nan, nan, nan, nan, nan, nan, nan, nan, nan, nan, nan, nan, nan, nan, nan, nan, nan, nan, nan, nan, nan, nan, nan, nan, nan, nan, nan, nan, nan, nan, nan, nan, nan, nan, nan, nan, nan]"
413342307,"[526676229.0, 399164211.0, 430707567.0, 48868807.0, 134786885.0, 147052918.0, 85402498.0, 88675937.0, 244904200.0, 204538471.0, 199364136.0, 44160354.0, 194023061.0, 42623396.0, 186885803.0, 35829239.0, 257331859.0, 247517150.0, 143484794.0, 271190160.0, 75387386.0, nan, nan, nan, nan, nan, nan, nan, nan, nan, nan, nan, nan, nan, nan, nan, nan, nan, nan, nan, nan, nan, nan, nan, nan, nan, nan, nan, nan, nan, nan, nan, nan, nan, nan, nan, nan, nan, nan, nan, nan, nan, nan, nan, nan, nan, nan, nan, nan, nan, nan, nan, nan, nan, nan, nan, nan, nan, nan, nan, nan, nan, nan, nan, nan, nan, nan, nan, nan, nan, nan, nan, nan, nan, nan, nan, nan, nan, nan, nan, nan, nan, nan, nan, nan, nan, nan, nan, nan, nan, nan, nan, nan, nan, nan, nan, nan, nan, nan, nan, nan, nan, nan, nan, nan, nan, nan, nan, nan, nan, nan, nan, nan, nan, nan, nan, nan, nan, nan, nan, nan, nan, nan, nan, nan, nan, nan, nan, nan, nan, nan, nan, nan, nan, nan, nan, nan, nan, nan, nan, nan, nan, nan, nan, nan, nan, nan, nan, nan, nan, nan, nan, nan, nan, nan, nan, nan, nan, nan, nan, nan, nan, nan, nan, nan, nan, nan, nan, nan, nan, nan, nan, nan, nan, nan, nan, nan, nan, nan, nan, nan, nan, nan, nan, nan, nan, nan, nan, nan, nan, nan, nan, nan, nan, nan, nan, nan, nan, nan, nan, nan, nan, nan, nan, nan, nan, nan, nan, nan, nan, nan, nan, nan, nan, nan, nan, nan, nan, nan, nan, nan, nan, nan, nan, nan, nan, nan, nan, nan, nan, nan, nan, nan, nan, nan, nan, nan, nan, nan, nan, nan, nan, nan, nan, nan, nan, nan, nan, nan, nan, nan, nan, nan, nan, nan, nan, nan, nan, nan, nan, nan, nan, nan, nan, nan, nan, nan, nan, nan, nan, nan, nan, nan, nan, nan, nan, nan, nan, nan, nan, nan, nan, nan, nan, nan, nan, nan, nan, nan, nan, nan, nan, nan, nan, nan, nan, nan, nan, nan, nan, nan, nan, nan, nan, nan, nan, nan, nan, nan, nan, nan, nan, nan, nan, nan, nan, nan, nan, nan, nan]"
408853323,"[526676229.0, 140492947.0, 702385991.0, 92607210.0, 340556397.0, 51613326.0, 210678308.0, 237040917.0, 148416495.0, 680618048.0, 430707567.0, 272811091.0, 144414113.0, 331539162.0, 103340481.0, 330322997.0, 34510979.0, 87212467.0, 136403578.0, 10085912.0, 103820309.0, 135745505.0, 693578795.0, 281295468.0, 115701340.0, 122988647.0, 122514594.0, 114760675.0, 68465558.0, 278688960.0, 60049085.0, 632603421.0, 621703323.0, 441494835.0, 161042511.0, 125605161.0, 238430680.0, 61541032.0, 566324814.0, 340618321.0, 204923961.0, 136498819.0, 6401779.0, 169939606.0, 514028727.0, 432646413.0, 128138119.0, 306697104.0, 222937938.0, 255091888.0, 112223169.0, 2622182.0, 177881411.0, 104085140.0, 124052462.0, 85402498.0, 134710388.0, 26236555.0, 57017502.0, 64811726.0, 514004646.0, 233948997.0, 127378054.0, 45322857.0, 391541280.0, 244904200.0, 98041682.0, 138032513.0, 148980392.0, 369757316.0, 74084321.0, 177712571.0, 194197035.0, 258912582.0, 152695289.0, 434710128.0, 302938413.0, 121703504.0, 69704303.0, 42560309.0, 214035211.0, 9499572.0, 102457963.0, 251848262.0, 9919828.0, 344700665.0, 277238095.0, 44160354.0, 59992261.0, 342105511.0, 151433096.0, 142348926.0, 121730496.0, 171589811.0, 8868148.0, 133703884.0, 44808929.0, 422048336.0, 71997198.0, 365481752.0, 415205778.0, 101328893.0, 408149415.0, 94012559.0, 32355204.0, 97712998.0, 42623396.0, 169994696.0, 35829239.0, 24573069.0, 314694217.0, 142814749.0, 257331859.0, 143484794.0, 271190160.0, 200417508.0, 75387386.0, nan, nan, nan, nan, nan, nan, nan, nan, nan, nan, nan, nan, nan, nan, nan, nan, nan, nan, nan, nan, nan, nan, nan, nan, nan, nan, nan, nan, nan, nan, nan, nan, nan, nan, nan, nan, nan, nan, nan, nan, nan, nan, nan, nan, nan, nan, nan, nan, nan, nan, nan, nan, nan, nan, nan, nan, nan, nan, nan, nan, nan, nan, nan, nan, nan, nan, nan, nan, nan, nan, nan, nan, nan, nan, nan, nan, nan, nan, nan, nan, nan, nan, nan, nan, nan, nan, nan, nan, nan, nan, nan, nan, nan, nan, nan, nan, nan, nan, nan, nan, nan, nan, nan, nan, nan, nan, nan, nan, nan, nan, nan, nan, nan, nan, nan, nan, nan, nan, nan, nan, nan, nan, nan, nan, nan, nan, nan, nan, nan, nan, nan, nan, nan, nan, nan, nan, nan, nan, nan, nan, nan, nan, nan, nan, nan, nan, nan, nan, nan, nan, nan, nan, nan, nan, nan, nan, nan, nan, nan, nan, nan, nan, nan, nan, nan, nan, nan, nan, nan, nan, nan, nan, nan, nan, nan, nan, nan, nan, nan, nan, nan, nan, nan, nan, nan, nan, nan, nan, nan, nan, nan, nan, nan, nan, nan, nan, nan, nan, nan, nan, nan, nan, nan, nan, nan, nan, nan, nan, nan, nan, nan, nan, nan, nan, nan, nan, nan, nan, nan, nan, nan, nan, nan]"
401727258,"[140492947.0, 114608098.0, 89706047.0, 218342040.0, 321680906.0, 303516132.0, 93233472.0, 307575564.0, 105436320.0, 156396235.0, 116563551.0, 321298521.0, 206230238.0, 93842844.0, 331539162.0, 210852064.0, 197741389.0, 132097640.0, 240479609.0, 7112583.0, 693707507.0, 292403304.0, 148316047.0, 204303642.0, 7484147.0, 209752711.0, 307781724.0, 30266500.0, 88242389.0, 44000672.0, 119583084.0, 652917075.0, 213371957.0, 31399236.0, 149882808.0, 406170111.0, 148965043.0, 390450075.0, 61541032.0, 2427052.0, 196739856.0, 172500084.0, 193722450.0, 189748190.0, 75119411.0, 134295446.0, 6192984.0, 140025399.0, 26361884.0, 442807251.0, 180890733.0, 24644286.0, 58034657.0, 254681162.0, 177881411.0, 562338426.0, 194677301.0, 153830488.0, 134710388.0, 387953822.0, 429959175.0, 148518465.0, 524491182.0, 146824227.0, 459861750.0, 50917355.0, 86201929.0, 173088133.0, 122687409.0, 532119621.0, 134534503.0, 61626548.0, 165705773.0, 268433027.0, 6038098.0, 29862733.0, 24759550.0, 419119146.0, 244904200.0, 74084321.0, 194197035.0, 98800723.0, 122069494.0, 180297579.0, 159331178.0, 4903135.0, 64393625.0, 457300785.0, 51340315.0, 167582257.0, 189495285.0, 191302969.0, 251848262.0, 277238095.0, 52612573.0, 122868413.0, 259417269.0, 229777947.0, 422048336.0, 252333007.0, 59555494.0, 282728954.0, 158168493.0, 408149415.0, 403161846.0, 71125168.0, 186885803.0, 54378037.0, 162962939.0, 48400041.0, 202466181.0, 177003998.0, 176407077.0, 40785688.0, 314694217.0, 257331859.0, 247517150.0, 143484794.0, 271190160.0, 31883408.0, 200417508.0, 75387386.0, nan, nan, nan, nan, nan, nan, nan, nan, nan, nan, nan, nan, nan, nan, nan, nan, nan, nan, nan, nan, nan, nan, nan, nan, nan, nan, nan, nan, nan, nan, nan, nan, nan, nan, nan, nan, nan, nan, nan, nan, nan, nan, nan, nan, nan, nan, nan, nan, nan, nan, nan, nan, nan, nan, nan, nan, nan, nan, nan, nan, nan, nan, nan, nan, nan, nan, nan, nan, nan, nan, nan, nan, nan, nan, nan, nan, nan, nan, nan, nan, nan, nan, nan, nan, nan, nan, nan, nan, nan, nan, nan, nan, nan, nan, nan, nan, nan, nan, nan, nan, nan, nan, nan, nan, nan, nan, nan, nan, nan, nan, nan, nan, nan, nan, nan, nan, nan, nan, nan, nan, nan, nan, nan, nan, nan, nan, nan, nan, nan, nan, nan, nan, nan, nan, nan, nan, nan, nan, nan, nan, nan, nan, nan, nan, nan, nan, nan, nan, nan, nan, nan, nan, nan, nan, nan, nan, nan, nan, nan, nan, nan, nan, nan, nan, nan, nan, nan, nan, nan, nan, nan, nan, nan, nan, nan, nan, nan, nan, nan, nan, nan, nan, nan, nan, nan, nan, nan, nan, nan, nan, nan, nan, nan, nan, nan, nan, nan, nan, nan, nan, nan, nan, nan, nan, nan, nan, nan, nan, nan, nan, nan, nan, nan, nan, nan, nan, nan, nan]"
394647597,"[742847386.0, 34510979.0, 43788817.0, 85402498.0, 45322857.0, 149651266.0, 140439656.0, 60284819.0, 251848262.0, 335150586.0, 277238095.0, 107652859.0, 162521824.0, 171589811.0, 133703884.0, 122331590.0, 408149415.0, 78770763.0, 150278069.0, 202624741.0, 85162361.0, 123723167.0, 182336665.0, 120915138.0, 314694217.0, 257331859.0, 143484794.0, 271190160.0, 200417508.0, 75387386.0, nan, nan, nan, nan, nan, nan, nan, nan, nan, nan, nan, nan, nan, nan, nan, nan, nan, nan, nan, nan, nan, nan, nan, nan, nan, nan, nan, nan, nan, nan, nan, nan, nan, nan, nan, nan, nan, nan, nan, nan, nan, nan, nan, nan, nan, nan, nan, nan, nan, nan, nan, nan, nan, nan, nan, nan, nan, nan, nan, nan, nan, nan, nan, nan, nan, nan, nan, nan, nan, nan, nan, nan, nan, nan, nan, nan, nan, nan, nan, nan, nan, nan, nan, nan, nan, nan, nan, nan, nan, nan, nan, nan, nan, nan, nan, nan, nan, nan, nan, nan, nan, nan, nan, nan, nan, nan, nan, nan, nan, nan, nan, nan, nan, nan, nan, nan, nan, nan, nan, nan, nan, nan, nan, nan, nan, nan, nan, nan, nan, nan, nan, nan, nan, nan, nan, nan, nan, nan, nan, nan, nan, nan, nan, nan, nan, nan, nan, nan, nan, nan, nan, nan, nan, nan, nan, nan, nan, nan, nan, nan, nan, nan, nan, nan, nan, nan, nan, nan, nan, nan, nan, nan, nan, nan, nan, nan, nan, nan, nan, nan, nan, nan, nan, nan, nan, nan, nan, nan, nan, nan, nan, nan, nan, nan, nan, nan, nan, nan, nan, nan, nan, nan, nan, nan, nan, nan, nan, nan, nan, nan, nan, nan, nan, nan, nan, nan, nan, nan, nan, nan, nan, nan, nan, nan, nan, nan, nan, nan, nan, nan, nan, nan, nan, nan, nan, nan, nan, nan, nan, nan, nan, nan, nan, nan, nan, nan, nan, nan, nan, nan, nan, nan, nan, nan, nan, nan, nan, nan, nan, nan, nan, nan, nan, nan, nan, nan, nan, nan, nan, nan, nan, nan, nan, nan, nan, nan, nan, nan, nan, nan, nan, nan, nan, nan, nan, nan, nan, nan, nan, nan, nan, nan, nan, nan, nan, nan, nan, nan, nan, nan, nan, nan, nan, nan, nan, nan, nan, nan, nan, nan]"
389226831,"[383535752.0, 526676229.0, 285845928.0, 159790497.0, 156396235.0, 148416495.0, 93842844.0, 48560749.0, 37719875.0, 62073267.0, 32106241.0, 338606354.0, 94519215.0, 55751171.0, 318468275.0, 526700541.0, 50310711.0, 127595767.0, 2427052.0, 54908921.0, 40021900.0, 308451039.0, 289684231.0, 75259155.0, 100795891.0, 67896479.0, 209154365.0, 85402498.0, 208093167.0, 157518607.0, 19660995.0, 745917.0, 122384378.0, 108086267.0, 258444674.0, 149863601.0, 135334054.0, 163566265.0, 101009726.0, 317907157.0, 249346076.0, 121431349.0, 139869226.0, 199874882.0, 3607171.0, 9330607.0, 90743679.0, 66523956.0, 109723672.0, 59992261.0, 151433096.0, 26722670.0, 133703884.0, 119835222.0, 331200760.0, 154679686.0, 199051943.0, 163949834.0, 186885803.0, 337878872.0, 162962939.0, 52783043.0, 68553628.0, 177003998.0, 201479347.0, 132028718.0, 154876596.0, 299693492.0, 314694217.0, 28686866.0, 143484794.0, 75387386.0, nan, nan, nan, nan, nan, nan, nan, nan, nan, nan, nan, nan, nan, nan, nan, nan, nan, nan, nan, nan, nan, nan, nan, nan, nan, nan, nan, nan, nan, nan, nan, nan, nan, nan, nan, nan, nan, nan, nan, nan, nan, nan, nan, nan, nan, nan, nan, nan, nan, nan, nan, nan, nan, nan, nan, nan, nan, nan, nan, nan, nan, nan, nan, nan, nan, nan, nan, nan, nan, nan, nan, nan, nan, nan, nan, nan, nan, nan, nan, nan, nan, nan, nan, nan, nan, nan, nan, nan, nan, nan, nan, nan, nan, nan, nan, nan, nan, nan, nan, nan, nan, nan, nan, nan, nan, nan, nan, nan, nan, nan, nan, nan, nan, nan, nan, nan, nan, nan, nan, nan, nan, nan, nan, nan, nan, nan, nan, nan, nan, nan, nan, nan, nan, nan, nan, nan, nan, nan, nan, nan, nan, nan, nan, nan, nan, nan, nan, nan, nan, nan, nan, nan, nan, nan, nan, nan, nan, nan, nan, nan, nan, nan, nan, nan, nan, nan, nan, nan, nan, nan, nan, nan, nan, nan, nan, nan, nan, nan, nan, nan, nan, nan, nan, nan, nan, nan, nan, nan, nan, nan, nan, nan, nan, nan, nan, nan, nan, nan, nan, nan, nan, nan, nan, nan, nan, nan, nan, nan, nan, nan, nan, nan, nan, nan, nan, nan, nan, nan, nan, nan, nan, nan, nan, nan, nan, nan, nan, nan, nan, nan, nan, nan, nan, nan, nan, nan, nan, nan, nan, nan, nan, nan, nan, nan, nan, nan, nan, nan, nan, nan, nan, nan, nan, nan, nan, nan, nan, nan, nan, nan, nan, nan, nan, nan, nan, nan, nan, nan]"
384851663,"[151633538.0, 61730987.0, 144414113.0, 61756730.0, 579901530.0, 308451039.0, 101838463.0, 6192984.0, 145673192.0, 85402498.0, 233948997.0, 100474353.0, 419119146.0, 315161779.0, 98041682.0, 249346076.0, 98800723.0, 97098022.0, 435641553.0, 88641847.0, 133703884.0, 292383931.0, 202624741.0, 186885803.0, 52783043.0, 284482478.0, 202466181.0, 201479347.0, 107818841.0, 282900330.0, 40785688.0, 271190160.0, 31883408.0, 200417508.0, 75387386.0, nan, nan, nan, nan, nan, nan, nan, nan, nan, nan, nan, nan, nan, nan, nan, nan, nan, nan, nan, nan, nan, nan, nan, nan, nan, nan, nan, nan, nan, nan, nan, nan, nan, nan, nan, nan, nan, nan, nan, nan, nan, nan, nan, nan, nan, nan, nan, nan, nan, nan, nan, nan, nan, nan, nan, nan, nan, nan, nan, nan, nan, nan, nan, nan, nan, nan, nan, nan, nan, nan, nan, nan, nan, nan, nan, nan, nan, nan, nan, nan, nan, nan, nan, nan, nan, nan, nan, nan, nan, nan, nan, nan, nan, nan, nan, nan, nan, nan, nan, nan, nan, nan, nan, nan, nan, nan, nan, nan, nan, nan, nan, nan, nan, nan, nan, nan, nan, nan, nan, nan, nan, nan, nan, nan, nan, nan, nan, nan, nan, nan, nan, nan, nan, nan, nan, nan, nan, nan, nan, nan, nan, nan, nan, nan, nan, nan, nan, nan, nan, nan, nan, nan, nan, nan, nan, nan, nan, nan, nan, nan, nan, nan, nan, nan, nan, nan, nan, nan, nan, nan, nan, nan, nan, nan, nan, nan, nan, nan, nan, nan, nan, nan, nan, nan, nan, nan, nan, nan, nan, nan, nan, nan, nan, nan, nan, nan, nan, nan, nan, nan, nan, nan, nan, nan, nan, nan, nan, nan, nan, nan, nan, nan, nan, nan, nan, nan, nan, nan, nan, nan, nan, nan, nan, nan, nan, nan, nan, nan, nan, nan, nan, nan, nan, nan, nan, nan, nan, nan, nan, nan, nan, nan, nan, nan, nan, nan, nan, nan, nan, nan, nan, nan, nan, nan, nan, nan, nan, nan, nan, nan, nan, nan, nan, nan, nan, nan, nan, nan, nan, nan, nan, nan, nan, nan, nan, nan, nan, nan, nan, nan, nan, nan, nan, nan, nan, nan, nan, nan, nan, nan, nan, nan, nan, nan, nan, nan, nan, nan, nan, nan, nan, nan, nan, nan, nan]"
372928670,"[313474552.0, 104044614.0, 15595974.0, 308451039.0, 6192984.0, 36959465.0, 148518465.0, 167348390.0, 220861380.0, 251848262.0, 292383931.0, 9981660.0, 186885803.0, 284482478.0, 91386416.0, 107818841.0, 141789084.0, 24573069.0, 282023492.0, 271190160.0, 75387386.0, nan, nan, nan, nan, nan, nan, nan, nan, nan, nan, nan, nan, nan, nan, nan, nan, nan, nan, nan, nan, nan, nan, nan, nan, nan, nan, nan, nan, nan, nan, nan, nan, nan, nan, nan, nan, nan, nan, nan, nan, nan, nan, nan, nan, nan, nan, nan, nan, nan, nan, nan, nan, nan, nan, nan, nan, nan, nan, nan, nan, nan, nan, nan, nan, nan, nan, nan, nan, nan, nan, nan, nan, nan, nan, nan, nan, nan, nan, nan, nan, nan, nan, nan, nan, nan, nan, nan, nan, nan, nan, nan, nan, nan, nan, nan, nan, nan, nan, nan, nan, nan, nan, nan, nan, nan, nan, nan, nan, nan, nan, nan, nan, nan, nan, nan, nan, nan, nan, nan, nan, nan, nan, nan, nan, nan, nan, nan, nan, nan, nan, nan, nan, nan, nan, nan, nan, nan, nan, nan, nan, nan, nan, nan, nan, nan, nan, nan, nan, nan, nan, nan, nan, nan, nan, nan, nan, nan, nan, nan, nan, nan, nan, nan, nan, nan, nan, nan, nan, nan, nan, nan, nan, nan, nan, nan, nan, nan, nan, nan, nan, nan, nan, nan, nan, nan, nan, nan, nan, nan, nan, nan, nan, nan, nan, nan, nan, nan, nan, nan, nan, nan, nan, nan, nan, nan, nan, nan, nan, nan, nan, nan, nan, nan, nan, nan, nan, nan, nan, nan, nan, nan, nan, nan, nan, nan, nan, nan, nan, nan, nan, nan, nan, nan, nan, nan, nan, nan, nan, nan, nan, nan, nan, nan, nan, nan, nan, nan, nan, nan, nan, nan, nan, nan, nan, nan, nan, nan, nan, nan, nan, nan, nan, nan, nan, nan, nan, nan, nan, nan, nan, nan, nan, nan, nan, nan, nan, nan, nan, nan, nan, nan, nan, nan, nan, nan, nan, nan, nan, nan, nan, nan, nan, nan, nan, nan, nan, nan, nan, nan, nan, nan, nan, nan, nan, nan, nan, nan, nan, nan, nan, nan, nan, nan, nan, nan, nan, nan, nan, nan]"
367837451,"[168344555.0, 181753034.0, 25450131.0, 153891997.0, 116563551.0, 144414113.0, 135745505.0, 118006566.0, 70863630.0, 137426256.0, 100782957.0, 441494835.0, 579901530.0, 32681641.0, 308451039.0, 52943718.0, 15527985.0, 514028727.0, 550650591.0, 66906064.0, 166133982.0, 24045313.0, 81516906.0, 85402498.0, 199874188.0, 387953822.0, 24160982.0, 285649682.0, 144766286.0, 396206514.0, 45322857.0, 132631500.0, 101009726.0, 16709599.0, 18118978.0, 187258634.0, 249346076.0, 51340315.0, 249011480.0, 44808929.0, 100871216.0, 22481149.0, 167664193.0, 202624741.0, 186885803.0, 54361704.0, 284482478.0, 107818841.0, 185293388.0, 2716688.0, 299693492.0, 314694217.0, 257331859.0, 282023492.0, 247517150.0, 143484794.0, 271190160.0, 200417508.0, 75387386.0, nan, nan, nan, nan, nan, nan, nan, nan, nan, nan, nan, nan, nan, nan, nan, nan, nan, nan, nan, nan, nan, nan, nan, nan, nan, nan, nan, nan, nan, nan, nan, nan, nan, nan, nan, nan, nan, nan, nan, nan, nan, nan, nan, nan, nan, nan, nan, nan, nan, nan, nan, nan, nan, nan, nan, nan, nan, nan, nan, nan, nan, nan, nan, nan, nan, nan, nan, nan, nan, nan, nan, nan, nan, nan, nan, nan, nan, nan, nan, nan, nan, nan, nan, nan, nan, nan, nan, nan, nan, nan, nan, nan, nan, nan, nan, nan, nan, nan, nan, nan, nan, nan, nan, nan, nan, nan, nan, nan, nan, nan, nan, nan, nan, nan, nan, nan, nan, nan, nan, nan, nan, nan, nan, nan, nan, nan, nan, nan, nan, nan, nan, nan, nan, nan, nan, nan, nan, nan, nan, nan, nan, nan, nan, nan, nan, nan, nan, nan, nan, nan, nan, nan, nan, nan, nan, nan, nan, nan, nan, nan, nan, nan, nan, nan, nan, nan, nan, nan, nan, nan, nan, nan, nan, nan, nan, nan, nan, nan, nan, nan, nan, nan, nan, nan, nan, nan, nan, nan, nan, nan, nan, nan, nan, nan, nan, nan, nan, nan, nan, nan, nan, nan, nan, nan, nan, nan, nan, nan, nan, nan, nan, nan, nan, nan, nan, nan, nan, nan, nan, nan, nan, nan, nan, nan, nan, nan, nan, nan, nan, nan, nan, nan, nan, nan, nan, nan, nan, nan, nan, nan, nan, nan, nan, nan, nan, nan, nan, nan, nan, nan, nan, nan, nan, nan, nan, nan, nan, nan, nan, nan, nan, nan, nan, nan, nan, nan, nan, nan, nan, nan, nan, nan, nan, nan, nan, nan, nan, nan, nan, nan, nan]"
352192289,"[19144427.0, 313474552.0, 173105096.0, 292403304.0, 148316047.0, 70863630.0, 241819347.0, 301805364.0, 161042511.0, 189110067.0, 93683887.0, 115664191.0, 45634801.0, 99551195.0, 442807251.0, 36959465.0, 177881411.0, 52178190.0, 199874188.0, 387953822.0, 148518465.0, 327297612.0, 167348390.0, 122384378.0, 396206514.0, 262343733.0, 80643419.0, 419891016.0, 369757316.0, 226212294.0, 152732357.0, 189495285.0, 335150586.0, 42590065.0, 422048336.0, 9981660.0, 186885803.0, 284482478.0, 202466181.0, 107818841.0, 282900330.0, 194888774.0, 24573069.0, 282023492.0, 274476377.0, 143484794.0, 153009907.0, 271190160.0, 75387386.0, nan, nan, nan, nan, nan, nan, nan, nan, nan, nan, nan, nan, nan, nan, nan, nan, nan, nan, nan, nan, nan, nan, nan, nan, nan, nan, nan, nan, nan, nan, nan, nan, nan, nan, nan, nan, nan, nan, nan, nan, nan, nan, nan, nan, nan, nan, nan, nan, nan, nan, nan, nan, nan, nan, nan, nan, nan, nan, nan, nan, nan, nan, nan, nan, nan, nan, nan, nan, nan, nan, nan, nan, nan, nan, nan, nan, nan, nan, nan, nan, nan, nan, nan, nan, nan, nan, nan, nan, nan, nan, nan, nan, nan, nan, nan, nan, nan, nan, nan, nan, nan, nan, nan, nan, nan, nan, nan, nan, nan, nan, nan, nan, nan, nan, nan, nan, nan, nan, nan, nan, nan, nan, nan, nan, nan, nan, nan, nan, nan, nan, nan, nan, nan, nan, nan, nan, nan, nan, nan, nan, nan, nan, nan, nan, nan, nan, nan, nan, nan, nan, nan, nan, nan, nan, nan, nan, nan, nan, nan, nan, nan, nan, nan, nan, nan, nan, nan, nan, nan, nan, nan, nan, nan, nan, nan, nan, nan, nan, nan, nan, nan, nan, nan, nan, nan, nan, nan, nan, nan, nan, nan, nan, nan, nan, nan, nan, nan, nan, nan, nan, nan, nan, nan, nan, nan, nan, nan, nan, nan, nan, nan, nan, nan, nan, nan, nan, nan, nan, nan, nan, nan, nan, nan, nan, nan, nan, nan, nan, nan, nan, nan, nan, nan, nan, nan, nan, nan, nan, nan, nan, nan, nan, nan, nan, nan, nan, nan, nan, nan, nan, nan, nan, nan, nan, nan, nan, nan, nan, nan, nan, nan, nan, nan, nan, nan, nan, nan, nan, nan, nan, nan, nan, nan, nan, nan, nan, nan, nan, nan, nan, nan, nan, nan, nan, nan, nan, nan, nan, nan, nan, nan]"
348151150,"[526676229.0, 45864162.0, 9438480.0, 579510759.0, 124052462.0, 85402498.0, 327297612.0, 210660135.0, 149738057.0, 127378054.0, 45322857.0, 165705773.0, 172809643.0, 66523956.0, 29831712.0, 202624741.0, 284482478.0, 201479347.0, 107818841.0, 24573069.0, 299693492.0, 282023492.0, 247517150.0, 274476377.0, 153009907.0, 75387386.0, nan, nan, nan, nan, nan, nan, nan, nan, nan, nan, nan, nan, nan, nan, nan, nan, nan, nan, nan, nan, nan, nan, nan, nan, nan, nan, nan, nan, nan, nan, nan, nan, nan, nan, nan, nan, nan, nan, nan, nan, nan, nan, nan, nan, nan, nan, nan, nan, nan, nan, nan, nan, nan, nan, nan, nan, nan, nan, nan, nan, nan, nan, nan, nan, nan, nan, nan, nan, nan, nan, nan, nan, nan, nan, nan, nan, nan, nan, nan, nan, nan, nan, nan, nan, nan, nan, nan, nan, nan, nan, nan, nan, nan, nan, nan, nan, nan, nan, nan, nan, nan, nan, nan, nan, nan, nan, nan, nan, nan, nan, nan, nan, nan, nan, nan, nan, nan, nan, nan, nan, nan, nan, nan, nan, nan, nan, nan, nan, nan, nan, nan, nan, nan, nan, nan, nan, nan, nan, nan, nan, nan, nan, nan, nan, nan, nan, nan, nan, nan, nan, nan, nan, nan, nan, nan, nan, nan, nan, nan, nan, nan, nan, nan, nan, nan, nan, nan, nan, nan, nan, nan, nan, nan, nan, nan, nan, nan, nan, nan, nan, nan, nan, nan, nan, nan, nan, nan, nan, nan, nan, nan, nan, nan, nan, nan, nan, nan, nan, nan, nan, nan, nan, nan, nan, nan, nan, nan, nan, nan, nan, nan, nan, nan, nan, nan, nan, nan, nan, nan, nan, nan, nan, nan, nan, nan, nan, nan, nan, nan, nan, nan, nan, nan, nan, nan, nan, nan, nan, nan, nan, nan, nan, nan, nan, nan, nan, nan, nan, nan, nan, nan, nan, nan, nan, nan, nan, nan, nan, nan, nan, nan, nan, nan, nan, nan, nan, nan, nan, nan, nan, nan, nan, nan, nan, nan, nan, nan, nan, nan, nan, nan, nan, nan, nan, nan, nan, nan, nan, nan, nan, nan, nan, nan, nan, nan, nan, nan, nan, nan, nan, nan, nan, nan, nan, nan, nan, nan, nan, nan, nan, nan, nan, nan, nan]"
